Rakesh Sharma,abc
Manjot Kaur,raj
Saurav Joshi,rit
Arjun Singh,aaa
Seema Jain,abc
Rhea Modi,zzz
Salim Ali,q
Suhani Agarwal,w
Dev Kumar,w
Neha Kaushal,a
Shubham Rawat,v
Ramya Malhotra,r
Gargi Chawla,s
Tushar Singhal,q
Aarushi Gulati ,zzz
Varun Sharma,wqr
V.R Venugopal,pqz
Suresh Yadav,aaa
Praveen Rampal,def
Sunita Ashok,xyz
Riya Singh,sam
Divya Rajput,raj
Ansh Kumar,ref
Rishabh Sharma,jyf
Rohit Thakur,bhh
Sparsh Dhavan,ghy
Pawan Kohli,bgt
Saina Sindhu,mjuj
Priyanka Kejriwal,gyrsa
Prajakta Koli,poi
name,Leo123
